{
    "age": {
        "a2": 0.20483332617180777,
        "a4": 0.2424753282818153,
        "a1": 0.3238851974097801,
        "a3": 0.20952448499401163,
        "a5": 0.5173096111387725
    },
    "job": {
        "Administrative": 0.24512664398416206,
        "Services": 0.18685336172220132,
        "Managerial": 0.2960329813538315,
        "Unemployed": 0.425025318005275,
        "Entrepreneur": 0.12977363847448986,
        "Technician": 0.22619373764810077,
        "Housemaid": 0.2439803225541694,
        "Blue-Collar": 0.12294376076131647,
        "Retired": 0.431764886459568,
        "Self-Employed": 0.245208832333022,
        "Student": 0.4955202400403121
    },
    "marital": {
        "Married": 0.23382684246554694,
        "Single": 0.28422074462907476,
        "Divorced": 0.20474923718666718
    },
    "education": {
        "Tertiary": 0.3131155222901066,
        "Secondary": 0.2183764629829727,
        "Primary": 0.17859106109422956
    },
    "default": {
        "0": 0.24718994242808875,
        "1": 0.07176625082074853
    },
    "balance": {
        "b2": 0.2506242710560444,
        "b3": 0.30382761132947766,
        "b1": 0.2064552792494329,
        "b4": 0.286790408343739,
        "b5": 0.33515461338836255
    },
    "housing": {
        "0": 0.42736842435385747,
        "1": 0.13588562287100125
    },
    "loan": {
        "0": 0.26652031933275094,
        "1": 0.11616425482309878
    },
    "contact": {
        "0": 0.2458242483182398,
        "1": 0.24590163460495484
    },
    "month": {
        "October": 0.5104577827085582,
        "November": 0.14741302261642553,
        "January": 0.13637015128888993,
        "Febuary": 0.2305279646764132,
        "March": 0.5564803225541693,
        "April": 0.17231718194376786,
        "May": 0.13242071841828265,
        "June": 0.49065630159231965,
        "July": 0.5142904779420612,
        "August": 0.45400830856070096,
        "September": 0.5889677308452089,
        "December": 0.4811646945418477
    },
    "calls": {
        "c2": 0.25716084761930086,
        "c3": 0.22378810223286594,
        "c4": 0.10905859759123795,
        "c5": 0.1486320857955789
    },
    "previous_calls": {
        "pc2": 0.2390604432054141,
        "pc3": 0.31631829587193316,
        "pc4": 0.10458962573867367,
        "pc5": 0.20268011699397126
    },
    "previous_outcome": {
        "0": 0.12494224621838892,
        "1": 0.6454368697369067
    }
}