{
	"mean": 0.7654295493762553,
	"std": 0.006469503284367952
}
